name,last name,age,gender,city,job
Olivia,Jones,48,Female,Elva,Designer
Noah,Johnson,36,Male,Tartu,IT manager
Emma,Johnson,31,Female,Tallinn,Designer
Emma,Davis,32,Female,Rapla,Systems analyst
Laim,Brown,27,Male,Jõgeva,IT manager
Mason,Moore,29,Male,Elva,IT manager
Jacob,Miller,39,Male,Elva,Systems analyst
Jacob,Davis,43,Male,Elva,Programmer
Sophia,Brown,43,Female,Vändra,IT manager
Daniel,Moore,29,Male,Viljandi,Systems analyst
Daniel,Jones,35,Male,Elva,Printmaker
Mason,Johnson,21,Male,Tallinn,IT manager
Willia,Jones,37,Male,Türi,IT manager
Daniel,Williams,25,Male,Paide,IT manager
Abigal,Williams,32,Female,Viljandi,Designer
Isabella,Miller,39,Female,Rapla,IT manager
Noah,Jones,24,Male,Vändra,System admin
Laim,Moore,42,Male,Vändra,Systems analyst
Abigal,Brown,29,Female,Tartu,Printmaker
Isabella,Jones,49,Female,Rapla,Programmer
